sample	order_top
HG01890	1
HG02666	2
NA19384	3
NA18989	22
HG03248	5
NA19317	20
NA19347	21
HG02554	14
HG02953	12
HG01457	9
NA19331	10
HG00358	28
HG03009	24
NA18534	29
NA19650	44
T2T-Y	27
HG03579	23
HG01952	35
HG01243	40
NA19239	4
HG00512	32
HG00731	41
HG03371	19
HG02011	17
NA19705	13
HG03065	11
HG02492	25
HG01596	30
NA20509	42
HG00096	38
HG01505	39
HG03732	36
HG00673	31
HG03492	37
HG01358	43
HG01258	26
HG02572	6
HG02717	15
HG01928	34
HG01106	8
HG00621	33
HG01109	7
HG02486	18
HG03471	16
HC01457	9
HC02666	2
HC19384	3
HC18989	22
